{
	"id": "7398f5f9-9bd8-4730-bb4e-483ae291ee3a",
	"name": "contact list",
	"values": [
		{
			"key": "baseurl",
			"value": "https://thinking-tester-contact-list.herokuapp.com",
			"type": "default",
			"enabled": true
		},
		{
			"key": "token",
			"value": "",
			"type": "any",
			"enabled": true
		},
		{
			"key": "email",
			"value": "mariam{{$timestamp}}@test.com\n",
			"type": "any",
			"enabled": true
		},
		{
			"key": "firstName",
			"value": "Mariam",
			"type": "any",
			"enabled": true
		},
		{
			"key": "lastName",
			"value": "Abulail",
			"type": "any",
			"enabled": true
		},
		{
			"key": "userId",
			"value": "",
			"type": "default",
			"enabled": true
		},
		{
			"key": "userEmail",
			"value": "",
			"type": "default",
			"enabled": true
		},
		{
			"key": "tokenLogin",
			"value": "",
			"type": "default",
			"enabled": true
		}
	],
	"color": 180,
	"_postman_variable_scope": "environment",
	"_postman_exported_at": "2026-01-12T19:13:15.451Z",
	"_postman_exported_using": "Postman/11.80.0-260112-0315"
}