{
	"info": {
		"_postman_id": "8b8d72df-1909-434f-bc1b-acd93f5db29a",
		"name": "Add User",
		"schema": "https://schema.getpostman.com/json/collection/v2.1.0/collection.json",
		"_exporter_id": "51328167"
	},
	"item": [
		{
			"name": "Register user with valid data",
			"event": [
				{
					"listen": "test",
					"script": {
						"exec": [
							"var jsonData=pm.response.json();\r",
							"pm.environment.set(\"token\",jsonData.token);\r",
							"pm.environment.set(\"firstName\",jsonData.user.firstName);\r",
							"pm.environment.set(\"lastName\",jsonData.user.lastName);\r",
							"pm.environment.set(\"email\",jsonData.user.email);\r",
							"\r",
							"pm.test(\"Status code is 201\", function () {\r",
							"    pm.response.to.have.status(201);\r",
							"});\r",
							"pm.test(\"Response contains required user fields\",function(){\r",
							"    pm.expect(jsonData.user.firstName).to.exist;\r",
							"    pm.expect(jsonData.user.lastName).to.exist;\r",
							"    pm.expect(jsonData.user.email).to.exist;\r",
							"});\r",
							"\r",
							"pm.test(\"Response body is contains vaild token\",function(){\r",
							"    pm.expect(jsonData.token).to.exist;\r",
							"    pm.expect(jsonData.token).to.be.a(\"string\");\r",
							"});\r",
							""
						],
						"type": "text/javascript",
						"packages": {},
						"requests": {}
					}
				}
			],
			"request": {
				"method": "POST",
				"header": [],
				"body": {
					"mode": "raw",
					"raw": "{\r\n  \"firstName\": \"Mariam\",\r\n  \"lastName\": \"Abulail\",\r\n  \"email\":\"mariam{{$timestamp}}@test.com\",\r\n  \"password\": \"12345678\"\r\n}",
					"options": {
						"raw": {
							"language": "json"
						}
					}
				},
				"url": {
					"raw": "{{baseurl}}/users",
					"host": [
						"{{baseurl}}"
					],
					"path": [
						"users"
					]
				}
			},
			"response": []
		},
		{
			"name": "Register user without first name",
			"event": [
				{
					"listen": "test",
					"script": {
						"exec": [
							"var jsonData=pm.response.json();\r",
							"\r",
							"pm.test(\"Status code is 400 Bad Request\", function () {\r",
							"    pm.response.to.have.status(400);\r",
							"});\r",
							"pm.test(\"Error message for missing firstName\",function(){\r",
							"    pm.expect(jsonData.errors.firstName.properties.message).to.eql(\"Path `firstName` is required.\")\r",
							"});\r",
							"\r",
							""
						],
						"type": "text/javascript",
						"packages": {},
						"requests": {}
					}
				}
			],
			"request": {
				"method": "POST",
				"header": [],
				"body": {
					"mode": "raw",
					"raw": "{\r\n  \"lastName\": \"Abulail\",\r\n  \"email\":\"mariam_test_2@gmail.com\",\r\n  \"password\": \"!@#12345\"\r\n}"
				},
				"url": {
					"raw": "{{baseurl}}/users",
					"host": [
						"{{baseurl}}"
					],
					"path": [
						"users"
					]
				}
			},
			"response": []
		},
		{
			"name": "Register user without last name",
			"event": [
				{
					"listen": "test",
					"script": {
						"exec": [
							"var jsonData=pm.response.json();\r",
							"\r",
							"pm.test(\"Status code is 400 Bad Request\", function () {\r",
							"    pm.response.to.have.status(400);\r",
							"});\r",
							"pm.test(\"Error message for missing firstName\",function(){\r",
							"    pm.expect(jsonData.errors.lastName.properties.message).to.eql(\"Path `lastName` is required.\")\r",
							"});\r",
							"\r",
							""
						],
						"type": "text/javascript",
						"packages": {},
						"requests": {}
					}
				}
			],
			"request": {
				"method": "POST",
				"header": [],
				"body": {
					"mode": "raw",
					"raw": "{\r\n  \"firstName\": \"Mariam\",\r\n  \"email\":\"mariam_test_22@gmail.com\",\r\n  \"password\": \"!@#12345\"\r\n}"
				},
				"url": {
					"raw": "{{baseurl}}/users",
					"host": [
						"{{baseurl}}"
					],
					"path": [
						"users"
					]
				}
			},
			"response": []
		},
		{
			"name": "Register user with short password",
			"event": [
				{
					"listen": "test",
					"script": {
						"exec": [
							"var jsonData=pm.response.json();\r",
							"\r",
							"pm.test(\"Status code is 400 Bad Request\", function () {\r",
							"    pm.response.to.have.status(400);\r",
							"});\r",
							"pm.test(\"Error message for missing firstName\",function(){\r",
							"    pm.expect(jsonData.errors.password.properties.message).to.eql(\"Path `password` (`12345`) is shorter than the minimum allowed length (7).\")\r",
							"});\r",
							"\r",
							""
						],
						"type": "text/javascript",
						"packages": {},
						"requests": {}
					}
				}
			],
			"request": {
				"method": "POST",
				"header": [],
				"body": {
					"mode": "raw",
					"raw": "{\r\n    \"firstName\": \"Mariam\",\r\n    \"lastName\": \"Abulail\",\r\n    \"email\": \"mariam_test_3@gmail.com\",\r\n    \"password\": \"12345\"\r\n}",
					"options": {
						"raw": {
							"language": "json"
						}
					}
				},
				"url": {
					"raw": "{{baseurl}}/users",
					"host": [
						"{{baseurl}}"
					],
					"path": [
						"users"
					]
				}
			},
			"response": []
		},
		{
			"name": "Register user with numeric-only password",
			"event": [
				{
					"listen": "test",
					"script": {
						"exec": [
							"var jsonData = pm.response.json();\r",
							"\r",
							"pm.test(\"Status code is 400 Bad Request\", function () {\r",
							"    pm.response.to.have.status(400);\r",
							"});\r",
							""
						],
						"type": "text/javascript",
						"packages": {},
						"requests": {}
					}
				}
			],
			"request": {
				"method": "POST",
				"header": [
					{
						"key": "Content-Type",
						"value": "application/json",
						"type": "text"
					}
				],
				"body": {
					"mode": "raw",
					"raw": "{\r\n  \"firstName\": \"Mariam\",\r\n  \"lastName\": \"Abulail\",\r\n  \"email\":\"mariam_test_acceptedArabiccddc@gmail.com\",\r\n  \"password\": \"12345678\"\r\n}"
				},
				"url": {
					"raw": "{{baseurl}}/users",
					"host": [
						"{{baseurl}}"
					],
					"path": [
						"users"
					]
				}
			},
			"response": []
		},
		{
			"name": "Register user without password",
			"event": [
				{
					"listen": "test",
					"script": {
						"exec": [
							"var jsonData=pm.response.json();\r",
							"\r",
							"pm.test(\"Status code is 400 Bad Request\", function () {\r",
							"    pm.response.to.have.status(400);\r",
							"});\r",
							"pm.test(\"Error message for missing firstName\",function(){\r",
							"    pm.expect(jsonData.errors.password.properties.message).to.eql(\"Path `password` is required.\")\r",
							"});\r",
							"\r",
							""
						],
						"type": "text/javascript",
						"packages": {},
						"requests": {}
					}
				}
			],
			"request": {
				"method": "POST",
				"header": [
					{
						"key": "Content-Type",
						"value": "application/json",
						"type": "text"
					}
				],
				"body": {
					"mode": "raw",
					"raw": "{\r\n\"firstName\":\"Mariam\",\r\n\"lastName\":\"Abulail\",\r\n\"email\":\"mariam_test_5@gmail.com\"\r\n}"
				},
				"url": {
					"raw": "{{baseurl}}/users",
					"host": [
						"{{baseurl}}"
					],
					"path": [
						"users"
					]
				}
			},
			"response": []
		},
		{
			"name": "Register user without email",
			"event": [
				{
					"listen": "test",
					"script": {
						"exec": [
							"var jsonData = pm.response.json();\r",
							"\r",
							"pm.test(\"Status code should be 400 Bad Request\", function () {\r",
							"    pm.response.to.have.status(400);\r",
							"});\r",
							"\r",
							"pm.test(\"Error message should say: Email is required\", function () {\r",
							"    pm.expect(jsonData.error).to.eql(\"Email is required\");\r",
							"});"
						],
						"type": "text/javascript",
						"packages": {},
						"requests": {}
					}
				}
			],
			"request": {
				"method": "POST",
				"header": [
					{
						"key": "Content-Type",
						"value": "application/json",
						"type": "text"
					}
				],
				"body": {
					"mode": "raw",
					"raw": "{\r\n    \"firstName\": \"Mariam\",\r\n    \"lastName\": \"Abulail\",\r\n    \"password\": \"!@#12345\"\r\n}"
				},
				"url": {
					"raw": "{{baseurl}}/users",
					"host": [
						"{{baseurl}}"
					],
					"path": [
						"users"
					]
				}
			},
			"response": []
		},
		{
			"name": "Register user with invalid email",
			"event": [
				{
					"listen": "test",
					"script": {
						"exec": [
							"var jsonData=pm.response.json();\r",
							"\r",
							"pm.test(\"Status code is 400 Bad Request\", function () {\r",
							"    pm.response.to.have.status(400);\r",
							"});\r",
							"pm.test(\"Error message for invaild email\",function(){\r",
							"    pm.expect(jsonData.errors.email.properties.message).to.eql(\"Email is invalid\")\r",
							"});\r",
							"\r",
							"\r",
							""
						],
						"type": "text/javascript",
						"packages": {},
						"requests": {}
					}
				}
			],
			"request": {
				"method": "POST",
				"header": [
					{
						"key": "Content-Type",
						"value": "application/json",
						"type": "text"
					}
				],
				"body": {
					"mode": "raw",
					"raw": "{\r\n  \"firstName\": \"Mariam\",\r\n  \"lastName\": \"Abulail\",\r\n  \"email\":\"mariam_test_1gmail.com\",\r\n  \"password\": \"!@#12345\"\r\n}"
				},
				"url": {
					"raw": "{{baseurl}}/users",
					"host": [
						"{{baseurl}}"
					],
					"path": [
						"users"
					]
				}
			},
			"response": []
		},
		{
			"name": "Register user with duplicated  email",
			"event": [
				{
					"listen": "test",
					"script": {
						"exec": [
							"var jsonData = pm.response.json();\r",
							"\r",
							"pm.test(\"Status code is 400 Bad Request\", function () {\r",
							"    pm.response.to.have.status(400);\r",
							"});\r",
							"pm.test(\"Error message for Email address is already in use\", function () {\r",
							"    pm.expect(jsonData.message).to.eql(\"Email address is already in use\")\r",
							"});\r",
							"\r",
							"\r",
							""
						],
						"type": "text/javascript",
						"packages": {},
						"requests": {}
					}
				}
			],
			"request": {
				"method": "POST",
				"header": [
					{
						"key": "Content-Type",
						"value": "application/json",
						"type": "text"
					}
				],
				"body": {
					"mode": "raw",
					"raw": "{\r\n    \"firstName\": \"Mariam\",\r\n    \"lastName\": \"Abulail\",\r\n    \"email\": \"mariam_test_2@gmail.com\",\r\n    \"password\": \"!@#12345\"\r\n}"
				},
				"url": {
					"raw": "{{baseurl}}/users",
					"host": [
						"{{baseurl}}"
					],
					"path": [
						"users"
					]
				}
			},
			"response": []
		},
		{
			"name": "Verify that token is returned in response body after successful registration",
			"event": [
				{
					"listen": "test",
					"script": {
						"exec": [
							"var jsonData = pm.response.json();\r",
							"\r",
							"pm.test(\"Status code is 201 created\", function () {\r",
							"    pm.response.to.have.status(201);\r",
							"});\r",
							"pm.test(\"Token is returned in response body after successful registration\", function () {\r",
							"      pm.expect(jsonData.token).to.exist;\r",
							"    pm.expect(jsonData.token).to.be.a(\"string\");\r",
							"      });\r",
							"\r",
							"\r",
							""
						],
						"type": "text/javascript",
						"packages": {},
						"requests": {}
					}
				}
			],
			"request": {
				"method": "POST",
				"header": [
					{
						"key": "Content-Type",
						"value": "application/json",
						"type": "text"
					}
				],
				"body": {
					"mode": "raw",
					"raw": "{\r\n  \"firstName\": \"Mariam\",\r\n  \"lastName\": \"Abulail\",\r\n  \"email\":\"mariam_test_77@gmail.com\",\r\n  \"password\": \"!@#12345\"\r\n}"
				},
				"url": {
					"raw": "{{baseurl}}/users",
					"host": [
						"{{baseurl}}"
					],
					"path": [
						"users"
					]
				}
			},
			"response": []
		},
		{
			"name": "Register user with password  containing trailing space",
			"event": [
				{
					"listen": "test",
					"script": {
						"exec": [
							"var jsonData = pm.response.json();\r",
							"\r",
							"pm.test(\"Status code is 400\", function () {\r",
							"    pm.response.to.have.status(400);\r",
							"});\r",
							"\r",
							"pm.test(\"User should not be created (no token returned)\", function () {\r",
							"    pm.expect(jsonData).to.not.have.property(\"token\");\r",
							"});\r",
							"\r",
							""
						],
						"type": "text/javascript",
						"packages": {},
						"requests": {}
					}
				}
			],
			"request": {
				"method": "POST",
				"header": [
					{
						"key": "Content-Type",
						"value": "application/json",
						"type": "text"
					}
				],
				"body": {
					"mode": "raw",
					"raw": "{\r\n  \"firstName\": \"Mariam\",\r\n  \"lastName\": \"Abulail\",\r\n  \"email\": \"mariam_test_spaceee@gmail.com\",\r\n  \"password\": \"##123456758     \"\r\n}"
				},
				"url": {
					"raw": "{{baseurl}}/users",
					"host": [
						"{{baseurl}}"
					],
					"path": [
						"users"
					]
				}
			},
			"response": []
		},
		{
			"name": "Register user with number  at the beginning of first name",
			"event": [
				{
					"listen": "test",
					"script": {
						"exec": [
							"var jsonData = pm.response.json();\r",
							"\r",
							"pm.test(\"API did not reject first name starting with number\", function () {\r",
							"    pm.expect(pm.response.code).to.not.eql(400);\r",
							"});\r",
							"pm.test(\"Error message is returned\", function () {\r",
							"    pm.expect(pm.response.json()).to.have.property(\"message\");\r",
							"});\r",
							"\r",
							""
						],
						"type": "text/javascript",
						"packages": {},
						"requests": {}
					}
				}
			],
			"request": {
				"method": "POST",
				"header": [
					{
						"key": "Content-Type",
						"value": "application/json",
						"type": "text"
					}
				],
				"body": {
					"mode": "raw",
					"raw": "{\r\n  \"firstName\": \"1Mariam\",\r\n  \"lastName\": \"Abulail\",\r\n  \"email\": \"mariamm@gmail.com\",\r\n  \"password\": \"!@#12345\"\r\n}"
				},
				"url": {
					"raw": "{{baseurl}}/users",
					"host": [
						"{{baseurl}}"
					],
					"path": [
						"users"
					]
				}
			},
			"response": []
		},
		{
			"name": "Register user with number  at the beginning of last name",
			"event": [
				{
					"listen": "test",
					"script": {
						"exec": [
							"var jsonData = pm.response.json();\r",
							"\r",
							"pm.test(\"API did not reject last name starting with number\", function () {\r",
							"    pm.expect(pm.response.code).to.not.eql(400);\r",
							"});\r",
							"pm.test(\"Error message is returned\", function () {\r",
							"    pm.expect(pm.response.json()).to.have.property(\"message\");\r",
							"});\r",
							"\r",
							"\r",
							""
						],
						"type": "text/javascript",
						"packages": {},
						"requests": {}
					}
				}
			],
			"request": {
				"method": "POST",
				"header": [
					{
						"key": "Content-Type",
						"value": "application/json",
						"type": "text"
					}
				],
				"body": {
					"mode": "raw",
					"raw": "{\r\n  \"firstName\": \"Mariam\",\r\n  \"lastName\": \"1Abulail\",\r\n  \"email\": \"mariam_test_numLNn@gmail.com\",\r\n  \"password\": \"!@#12345\"\r\n}"
				},
				"url": {
					"raw": "{{baseurl}}/users",
					"host": [
						"{{baseurl}}"
					],
					"path": [
						"users"
					]
				}
			},
			"response": []
		},
		{
			"name": "System accepts Arabic characters in password",
			"event": [
				{
					"listen": "test",
					"script": {
						"exec": [
							"var jsonData = pm.response.json();\r",
							"\r",
							"pm.test(\"Status code should be 400 Bad Request\", function () {\r",
							"    pm.response.to.have.status(400);\r",
							"});\r",
							"\r",
							"pm.test(\"User should not be created (no token returned)\", function () {\r",
							"    pm.expect(jsonData).to.not.have.property(\"token\");\r",
							"});\r",
							"\r",
							""
						],
						"type": "text/javascript",
						"packages": {},
						"requests": {}
					}
				}
			],
			"request": {
				"method": "POST",
				"header": [
					{
						"key": "Content-Type",
						"value": "application/json",
						"type": "text"
					}
				],
				"body": {
					"mode": "raw",
					"raw": "{\r\n  \"firstName\": \"Mariam\",\r\n  \"lastName\": \"Abulail\",\r\n  \"email\":\"mariam_test_acceptedArabicccc@gmail.com\",\r\n  \"password\": \"تقبل العربي \"\r\n}"
				},
				"url": {
					"raw": "{{baseurl}}/users",
					"host": [
						"{{baseurl}}"
					],
					"path": [
						"users"
					]
				}
			},
			"response": []
		},
		{
			"name": "Register user with firstName  containing trailing space",
			"event": [
				{
					"listen": "test",
					"script": {
						"exec": [
							"var jsonData = pm.response.json();\r",
							"\r",
							"pm.test(\"System should reject leading spaces or provide message (Expected: Fail if neither)\", function () {\r",
							"    pm.expect(\r",
							"        pm.response.code === 400 || jsonData.hasOwnProperty(\"message\")\r",
							"    ).to.be.true;\r",
							"});"
						],
						"type": "text/javascript",
						"packages": {},
						"requests": {}
					}
				}
			],
			"request": {
				"method": "POST",
				"header": [
					{
						"key": "Content-Type",
						"value": "application/json",
						"type": "text"
					}
				],
				"body": {
					"mode": "raw",
					"raw": "{\r\n  \"firstName\": \"    Mariam\",\r\n  \"lastName\": \"Abulail\",\r\n  \"email\": \"mariam_test_spaceFNnn@gmail.com\",\r\n  \"password\": \"##123456758 \"\r\n}"
				},
				"url": {
					"raw": "{{baseurl}}/users",
					"host": [
						"{{baseurl}}"
					],
					"path": [
						"users"
					]
				}
			},
			"response": []
		},
		{
			"name": "Register user with lastName  containing trailing space",
			"event": [
				{
					"listen": "test",
					"script": {
						"exec": [
							"var jsonData = pm.response.json();\r",
							"\r",
							"pm.test(\"API did reject lastName containing trailing space\", function () {\r",
							"    pm.expect(pm.response.code).to.eql(400);\r",
							"});\r",
							"pm.test(\"System should reject leading spaces or provide message (Expected: Fail if neither)\", function () {\r",
							"    pm.expect(\r",
							"        pm.response.code === 400 || jsonData.hasOwnProperty(\"message\")\r",
							"    ).to.be.true;\r",
							"});\r",
							"\r",
							""
						],
						"type": "text/javascript",
						"packages": {},
						"requests": {}
					}
				}
			],
			"request": {
				"method": "POST",
				"header": [
					{
						"key": "Content-Type",
						"value": "application/json",
						"type": "text"
					}
				],
				"body": {
					"mode": "raw",
					"raw": "{\r\n  \"firstName\": \"Mariam\",\r\n  \"lastName\": \"   Abulail\",\r\n  \"email\": \"mariam_test_spaceLNn@gmail.com\",\r\n  \"password\": \"##123456758 \"\r\n}"
				},
				"url": {
					"raw": "{{baseurl}}/users",
					"host": [
						"{{baseurl}}"
					],
					"path": [
						"users"
					]
				}
			},
			"response": []
		},
		{
			"name": "Register user with firstName in arabic",
			"event": [
				{
					"listen": "test",
					"script": {
						"exec": [
							"var jsonData = pm.response.json();\r",
							"\r",
							"pm.test(\"Status code is 201\", function () {\r",
							"    pm.response.to.have.status(201);\r",
							"});\r",
							"pm.test(\"System should accept firstName in arabic\", function () {\r",
							"    pm.expect(jsonData.user).to.have.property(\"firstName\");\r",
							"    pm.expect(jsonData.user.firstName).to.eql(\"مريم\");\r",
							"\r",
							"});\r",
							"\r",
							""
						],
						"type": "text/javascript",
						"packages": {},
						"requests": {}
					}
				}
			],
			"request": {
				"method": "POST",
				"header": [
					{
						"key": "Content-Type",
						"value": "application/json",
						"type": "text"
					}
				],
				"body": {
					"mode": "raw",
					"raw": "{\r\n  \"firstName\": \"مريم\",\r\n  \"lastName\": \"Abulail\",\r\n  \"email\":\"mariam{{$timestamp}}@test.com\",\r\n  \"password\": \"123456758\"\r\n}"
				},
				"url": {
					"raw": "{{baseurl}}/users",
					"host": [
						"{{baseurl}}"
					],
					"path": [
						"users"
					]
				}
			},
			"response": []
		},
		{
			"name": "Register user with lastName in arabic",
			"event": [
				{
					"listen": "test",
					"script": {
						"exec": [
							"var jsonData = pm.response.json();\r",
							"\r",
							"pm.test(\"Status code is 201\", function () {\r",
							"    pm.response.to.have.status(201);\r",
							"});\r",
							"pm.test(\"System should accept lastName in arabic\", function () {\r",
							"    pm.expect(jsonData.user).to.have.property(\"lastName\");\r",
							"    pm.expect(jsonData.user.lastName).to.eql(\"ابوليل\");\r",
							"\r",
							"});\r",
							"\r",
							""
						],
						"type": "text/javascript",
						"packages": {},
						"requests": {}
					}
				}
			],
			"request": {
				"method": "POST",
				"header": [
					{
						"key": "Content-Type",
						"value": "application/json",
						"type": "text"
					}
				],
				"body": {
					"mode": "raw",
					"raw": "{\r\n  \"firstName\": \"Mariam\",\r\n  \"lastName\": \"ابوليل\",\r\n  \"email\":\"mariam{{$timestamp}}@test.com\",\r\n  \"password\": \"123456758\"\r\n}"
				},
				"url": {
					"raw": "{{baseurl}}/users",
					"host": [
						"{{baseurl}}"
					],
					"path": [
						"users"
					]
				}
			},
			"response": []
		}
	]
}