{
	"info": {
		"_postman_id": "b88957a8-b876-43f1-b340-2e2748c59116",
		"name": "Delete User",
		"schema": "https://schema.getpostman.com/json/collection/v2.1.0/collection.json",
		"_exporter_id": "51328167"
	},
	"item": [
		{
			"name": "Delete user with valid token",
			"event": [
				{
					"listen": "test",
					"script": {
						"exec": [
							"pm.test(\"User deleted successfully\", () => {\r",
							"    pm.response.to.have.status(200);\r",
							"});"
						],
						"type": "text/javascript",
						"packages": {},
						"requests": {}
					}
				}
			],
			"request": {
				"method": "DELETE",
				"header": [
					{
						"key": "Authorization",
						"value": "Bearer {{token}}",
						"type": "text"
					}
				],
				"url": {
					"raw": "{{baseurl}}/users/me",
					"host": [
						"{{baseurl}}"
					],
					"path": [
						"users",
						"me"
					]
				}
			},
			"response": []
		},
		{
			"name": "Delete user with out/invalid token",
			"event": [
				{
					"listen": "test",
					"script": {
						"exec": [
							"pm.test(\"Unauthorized without token\", () => {\r",
							"    pm.response.to.have.status(401);\r",
							"});"
						],
						"type": "text/javascript",
						"packages": {},
						"requests": {}
					}
				}
			],
			"request": {
				"method": "DELETE",
				"header": [
					{
						"key": "Authorization",
						"value": "Bearer 1234",
						"type": "text"
					}
				],
				"url": {
					"raw": "{{baseurl}}/users/me",
					"host": [
						"{{baseurl}}"
					],
					"path": [
						"users",
						"me"
					]
				}
			},
			"response": []
		},
		{
			"name": "Delete already deleted user",
			"event": [
				{
					"listen": "test",
					"script": {
						"exec": [
							"pm.test(\"User already deleted\", () => {\r",
							"    pm.expect(pm.response.code).to.be.oneOf([401, 404]);\r",
							"});"
						],
						"type": "text/javascript",
						"packages": {},
						"requests": {}
					}
				}
			],
			"request": {
				"method": "DELETE",
				"header": [
					{
						"key": "Authorization",
						"value": "Bearer {{token}}",
						"type": "text"
					}
				],
				"url": {
					"raw": "{{baseurl}}/users/me",
					"host": [
						"{{baseurl}}"
					],
					"path": [
						"users",
						"me"
					]
				}
			},
			"response": []
		},
		{
			"name": "login after deletion",
			"event": [
				{
					"listen": "test",
					"script": {
						"exec": [
							"pm.test(\"Login not allowed after deletion\", () => {\r",
							"    pm.response.to.have.status(401);\r",
							"});"
						],
						"type": "text/javascript",
						"packages": {},
						"requests": {}
					}
				}
			],
			"request": {
				"method": "POST",
				"header": [
					{
						"key": "Authorization",
						"value": "Bearer {{token}}",
						"type": "text"
					},
					{
						"key": "Content-Type",
						"value": "application/json",
						"type": "text"
					}
				],
				"body": {
					"mode": "raw",
					"raw": "{\r\n  \"email\":\"mariam_test_111@gmail.com\",\r\n  \"password\": \"12345678\"\r\n}",
					"options": {
						"raw": {
							"language": "json"
						}
					}
				},
				"url": {
					"raw": "{{baseurl}}/users/login",
					"host": [
						"{{baseurl}}"
					],
					"path": [
						"users",
						"login"
					]
				}
			},
			"response": []
		}
	]
}