{
	"info": {
		"_postman_id": "f5250737-ecc8-4060-a42c-b62b8585ef4f",
		"name": "Get User Profile",
		"schema": "https://schema.getpostman.com/json/collection/v2.1.0/collection.json",
		"_exporter_id": "51328167"
	},
	"item": [
		{
			"name": "Get profile with valid token",
			"event": [
				{
					"listen": "test",
					"script": {
						"exec": [
							"var jsonData=pm.response.json()\r",
							"pm.test(\"Status code is 200\", function () {\r",
							"    pm.response.to.have.status(200);\r",
							"});\r",
							"pm.test(\"Response contains required user fields\",function(){\r",
							"    pm.expect(jsonData.firstName).to.exist;\r",
							"    pm.expect(jsonData.lastName).to.exist;\r",
							"    pm.expect(jsonData.email).to.exist;\r",
							"});\r",
							"pm.test(\"Password is not returned\",function(){\r",
							"    pm.expect(jsonData.password).to.be.undefined;\r",
							"});\r",
							"pm.test(\"Email is vaild\",function(){\r",
							"    pm.expect(jsonData.email).to.be.a(\"string\");\r",
							"});"
						],
						"type": "text/javascript",
						"packages": {},
						"requests": {}
					}
				}
			],
			"protocolProfileBehavior": {
				"disableBodyPruning": true
			},
			"request": {
				"auth": {
					"type": "noauth"
				},
				"method": "GET",
				"header": [
					{
						"key": "Authorization",
						"value": "Bearer {{token}}",
						"type": "text"
					}
				],
				"body": {
					"mode": "raw",
					"raw": ""
				},
				"url": {
					"raw": "{{baseurl}}/users/me",
					"host": [
						"{{baseurl}}"
					],
					"path": [
						"users",
						"me"
					]
				}
			},
			"response": []
		},
		{
			"name": "Get profile without token",
			"event": [
				{
					"listen": "test",
					"script": {
						"exec": [
							"pm.test(\"Status code is 401 Unauthorized\", function () {\r",
							"    pm.response.to.have.status(401);\r",
							"});\r",
							"pm.test(\"The response body contains error message\",function(){\r",
							"    pm.expect(pm.response.json().error).to.exist;\r",
							"});\r",
							"pm.test(\"The error message is Please authenticate.\",function(){\r",
							"    pm.expect(pm.response.json().error).to.eql(\"Please authenticate.\")\r",
							"});"
						],
						"type": "text/javascript",
						"packages": {},
						"requests": {}
					}
				}
			],
			"protocolProfileBehavior": {
				"disableBodyPruning": true
			},
			"request": {
				"auth": {
					"type": "noauth"
				},
				"method": "GET",
				"header": [],
				"body": {
					"mode": "raw",
					"raw": ""
				},
				"url": {
					"raw": "{{baseurl}}/users/me",
					"host": [
						"{{baseurl}}"
					],
					"path": [
						"users",
						"me"
					]
				}
			},
			"response": []
		},
		{
			"name": "Get profile with invaild token",
			"event": [
				{
					"listen": "test",
					"script": {
						"exec": [
							"pm.test(\"Status code is 401 Unauthorized\", function () {\r",
							"    pm.response.to.have.status(401);\r",
							"});\r",
							"pm.test(\"The response body contains error message\",function(){\r",
							"    pm.expect(pm.response.json().error).to.exist;\r",
							"});\r",
							"pm.test(\"The error message is Please authenticate.\",function(){\r",
							"    pm.expect(pm.response.json().error).to.eql(\"Please authenticate.\")\r",
							"});"
						],
						"type": "text/javascript",
						"packages": {},
						"requests": {}
					}
				}
			],
			"protocolProfileBehavior": {
				"disableBodyPruning": true
			},
			"request": {
				"auth": {
					"type": "noauth"
				},
				"method": "GET",
				"header": [
					{
						"key": "Authorization",
						"value": "Bearer 1234",
						"type": "text"
					}
				],
				"body": {
					"mode": "raw",
					"raw": ""
				},
				"url": {
					"raw": "{{baseurl}}/users/me",
					"host": [
						"{{baseurl}}"
					],
					"path": [
						"users",
						"me"
					]
				}
			},
			"response": []
		},
		{
			"name": "Get profile after logout",
			"event": [
				{
					"listen": "test",
					"script": {
						"exec": [
							"pm.test(\"Status code is 401 Unauthorized\", function () {\r",
							"    pm.response.to.have.status(401);\r",
							"});\r",
							"pm.test(\"The response body contains error message\",function(){\r",
							"    pm.expect(pm.response.json().error).to.exist;\r",
							"});\r",
							"pm.test(\"The error message is Please authenticate.\",function(){\r",
							"    pm.expect(pm.response.json().error).to.eql(\"Please authenticate.\")\r",
							"});"
						],
						"type": "text/javascript",
						"packages": {},
						"requests": {}
					}
				}
			],
			"protocolProfileBehavior": {
				"disableBodyPruning": true
			},
			"request": {
				"auth": {
					"type": "noauth"
				},
				"method": "GET",
				"header": [
					{
						"key": "Authorization",
						"value": "Bearer {{tokenLogin}}",
						"type": "text"
					}
				],
				"body": {
					"mode": "raw",
					"raw": ""
				},
				"url": {
					"raw": "{{baseurl}}/users/me",
					"host": [
						"{{baseurl}}"
					],
					"path": [
						"users",
						"me"
					]
				}
			},
			"response": []
		}
	],
	"auth": {
		"type": "bearer"
	},
	"event": [
		{
			"listen": "prerequest",
			"script": {
				"type": "text/javascript",
				"packages": {},
				"requests": {},
				"exec": [
					""
				]
			}
		},
		{
			"listen": "test",
			"script": {
				"type": "text/javascript",
				"packages": {},
				"requests": {},
				"exec": [
					""
				]
			}
		}
	]
}