{
	"info": {
		"_postman_id": "faf1671f-8b24-4e0a-90c3-47d4a454d314",
		"name": "Login User",
		"schema": "https://schema.getpostman.com/json/collection/v2.1.0/collection.json",
		"_exporter_id": "51328167"
	},
	"item": [
		{
			"name": "Login user with valid cadentials",
			"event": [
				{
					"listen": "test",
					"script": {
						"exec": [
							"pm.test(\"Status code is 200 OK\", function () {\r",
							"  pm.response.to.have.status(200);\r",
							" });\r",
							" \r",
							" const jsonData = pm.response.json();\r",
							" \r",
							" pm.test(\"Token is returned\", function () {\r",
							"  pm.expect(jsonData).to.have.property(\"token\");\r",
							"  pm.expect(jsonData.token).to.be.a(\"string\").and.not.be.empty;\r",
							" });\r",
							" \r",
							" // Save token for subsequent requests\r",
							" pm.environment.set(\"tokenLogin\", jsonData.token);\r",
							" \r",
							" // Optional: save user info if returned\r",
							" if (jsonData.user && jsonData.user._id) pm.environment.set(\"userId\", jsonData.user._id);\r",
							" if (jsonData.user && jsonData.user.email) pm.environment.set(\"userEmail\", jsonData.user.email);\r",
							" \r",
							" // Security check\r",
							" pm.test(\"Password is not returned\", function () {\r",
							"  pm.expect(pm.response.text().toLowerCase()).to.not.include(\"password\");\r",
							" });\r",
							"\r",
							""
						],
						"type": "text/javascript",
						"packages": {},
						"requests": {}
					}
				},
				{
					"listen": "prerequest",
					"script": {
						"exec": [
							" if (!pm.environment.get(\"baseUrl\") && !pm.collectionVariables.get(\"baseUrl\")) {\r",
							"  console.warn(\"baseUrl is not set. Add baseUrl to Environment or Collection Variables.\");\r",
							" } "
						],
						"type": "text/javascript",
						"packages": {},
						"requests": {}
					}
				}
			],
			"request": {
				"auth": {
					"type": "noauth"
				},
				"method": "POST",
				"header": [
					{
						"key": "Authorization",
						"value": "Bearer {{token}}",
						"type": "text"
					},
					{
						"key": "Content-Type",
						"value": "application/json",
						"type": "text"
					}
				],
				"body": {
					"mode": "raw",
					"raw": "{\r\n  \"email\":\"{{email}}\",\r\n  \"password\": \"12345678\"\r\n}\r\n"
				},
				"url": {
					"raw": "{{baseurl}}/users/login",
					"host": [
						"{{baseurl}}"
					],
					"path": [
						"users",
						"login"
					]
				}
			},
			"response": []
		},
		{
			"name": "token is returned after successful login",
			"event": [
				{
					"listen": "prerequest",
					"script": {
						"exec": [
							"if (!pm.environment.get(\"baseUrl\") && !pm.collectionVariables.get(\"baseUrl\")) {\r",
							"  console.warn(\"baseUrl is not set. Add baseUrl to Environment or Collection Variables.\");\r",
							" }"
						],
						"type": "text/javascript",
						"packages": {},
						"requests": {}
					}
				},
				{
					"listen": "test",
					"script": {
						"exec": [
							"const jsonData = pm.response.json();\r",
							" \r",
							" pm.test(\"Token exists and is not empty\", function () {\r",
							"  pm.expect(jsonData).to.have.property(\"token\");\r",
							"  pm.expect(jsonData.token).to.be.a(\"string\").and.not.be.empty;\r",
							" });\r",
							" \r",
							" pm.test(\"Token looks like JWT (3 parts separated by '.')\", function () {\r",
							"  const parts = jsonData.token.split(\".\");\r",
							"  pm.expect(parts.length).to.eql(3);\r",
							" });"
						],
						"type": "text/javascript",
						"packages": {},
						"requests": {}
					}
				}
			],
			"request": {
				"auth": {
					"type": "noauth"
				},
				"method": "POST",
				"header": [
					{
						"key": "Authorization",
						"value": "Bearer {{token}}",
						"type": "text"
					},
					{
						"key": "Content-Type",
						"value": "application/json",
						"type": "text"
					}
				],
				"body": {
					"mode": "raw",
					"raw": "{\r\n  \"email\":\"{{email}}\",\r\n  \"password\": \"12345678\"\r\n}\r\n"
				},
				"url": {
					"raw": "{{baseurl}}/users/login",
					"host": [
						"{{baseurl}}"
					],
					"path": [
						"users",
						"login"
					]
				}
			},
			"response": []
		},
		{
			"name": "login with wrong password",
			"event": [
				{
					"listen": "prerequest",
					"script": {
						"exec": [
							"if (!pm.environment.get(\"baseUrl\") && !pm.collectionVariables.get(\"baseUrl\")) {\r",
							"  console.warn(\"baseUrl is not set. Add baseUrl to Environment or Collection Variables.\");\r",
							" }"
						],
						"type": "text/javascript",
						"packages": {},
						"requests": {}
					}
				},
				{
					"listen": "test",
					"script": {
						"exec": [
							"pm.test(\"Status code is one of expected (400,401,415)\", function () {\r",
							"  pm.expect([400,401,415]).to.include(pm.response.code);\r",
							" });\r",
							" \r",
							" // Ensure token is NOT returned\r",
							" let hasToken = false;\r",
							" try {\r",
							"  const jsonData = pm.response.json();\r",
							"  hasToken = !!jsonData.token;\r",
							" } catch (e) {\r",
							"  // non-JSON error responses are acceptable\r",
							" }\r",
							" \r",
							" pm.test(\"No token returned\", function () {\r",
							"  pm.expect(hasToken).to.be.false;\r",
							" });"
						],
						"type": "text/javascript",
						"packages": {},
						"requests": {}
					}
				}
			],
			"request": {
				"auth": {
					"type": "noauth"
				},
				"method": "POST",
				"header": [
					{
						"key": "Authorization",
						"value": "Bearer {{token}}",
						"type": "text"
					},
					{
						"key": "Content-Type",
						"value": "application/json",
						"type": "text"
					}
				],
				"body": {
					"mode": "raw",
					"raw": "{\r\n  \"email\":\"{{email}}\",\r\n  \"password\": \"abc\"\r\n}\r\n"
				},
				"url": {
					"raw": "{{baseurl}}/users/login",
					"host": [
						"{{baseurl}}"
					],
					"path": [
						"users",
						"login"
					]
				}
			},
			"response": []
		},
		{
			"name": "Log in with unregistered email",
			"event": [
				{
					"listen": "test",
					"script": {
						"exec": [
							"pm.test(\"Status code is one of expected (400,401,415)\", function () {\r",
							"  pm.expect([400,401,415]).to.include(pm.response.code);\r",
							" });\r",
							" \r",
							" // Ensure token is NOT returned\r",
							" let hasToken = false;\r",
							" try {\r",
							"  const jsonData = pm.response.json();\r",
							"  hasToken = !!jsonData.token;\r",
							" } catch (e) {\r",
							"  // non-JSON error responses are acceptable\r",
							" }\r",
							" \r",
							" pm.test(\"No token returned\", function () {\r",
							"  pm.expect(hasToken).to.be.false;\r",
							" });"
						],
						"type": "text/javascript",
						"packages": {},
						"requests": {}
					}
				}
			],
			"request": {
				"auth": {
					"type": "noauth"
				},
				"method": "POST",
				"header": [
					{
						"key": "Authorization",
						"value": "Bearer {{token}}",
						"type": "text"
					},
					{
						"key": "Content-Type",
						"value": "application/json",
						"type": "text"
					}
				],
				"body": {
					"mode": "raw",
					"raw": "{\r\n  \"email\":\"notexist_123@test.com\",\r\n  \"password\": \"AnyPass123\"\r\n}"
				},
				"url": {
					"raw": "{{baseurl}}/users/login",
					"host": [
						"{{baseurl}}"
					],
					"path": [
						"users",
						"login"
					]
				}
			},
			"response": []
		},
		{
			"name": "Login with out/empty email",
			"event": [
				{
					"listen": "test",
					"script": {
						"exec": [
							"pm.test(\"Status code is one of expected (400,401,415)\", function () {\r",
							"  pm.expect([400,401,415]).to.include(pm.response.code);\r",
							" });\r",
							" \r",
							" // Ensure token is NOT returned\r",
							" let hasToken = false;\r",
							" try {\r",
							"  const jsonData = pm.response.json();\r",
							"  hasToken = !!jsonData.token;\r",
							" } catch (e) {\r",
							"  // non-JSON error responses are acceptable\r",
							" }\r",
							" \r",
							" pm.test(\"No token returned\", function () {\r",
							"  pm.expect(hasToken).to.be.false;\r",
							" });"
						],
						"type": "text/javascript",
						"packages": {},
						"requests": {}
					}
				}
			],
			"request": {
				"auth": {
					"type": "noauth"
				},
				"method": "POST",
				"header": [
					{
						"key": "Authorization",
						"value": "Bearer {{token}}",
						"type": "text"
					},
					{
						"key": "Content-Type",
						"value": "application/json",
						"type": "text"
					}
				],
				"body": {
					"mode": "raw",
					"raw": "{\r\n    \"email\": \"\",\r\n  \"password\": \"12345678\"\r\n}\r\n"
				},
				"url": {
					"raw": "{{baseurl}}/users/login",
					"host": [
						"{{baseurl}}"
					],
					"path": [
						"users",
						"login"
					]
				}
			},
			"response": []
		},
		{
			"name": "Log in with out/empty  password",
			"event": [
				{
					"listen": "test",
					"script": {
						"exec": [
							"pm.test(\"Status code is one of expected (400,401,415)\", function () {\r",
							"  pm.expect([400,401,415]).to.include(pm.response.code);\r",
							" });\r",
							" \r",
							" // Ensure token is NOT returned\r",
							" let hasToken = false;\r",
							" try {\r",
							"  const jsonData = pm.response.json();\r",
							"  hasToken = !!jsonData.token;\r",
							" } catch (e) {\r",
							"  // non-JSON error responses are acceptable\r",
							" }\r",
							" \r",
							" pm.test(\"No token returned\", function () {\r",
							"  pm.expect(hasToken).to.be.false;\r",
							" });"
						],
						"type": "text/javascript",
						"packages": {},
						"requests": {}
					}
				}
			],
			"request": {
				"auth": {
					"type": "noauth"
				},
				"method": "POST",
				"header": [
					{
						"key": "Authorization",
						"value": "Bearer {{token}}",
						"type": "text"
					},
					{
						"key": "Content-Type",
						"value": "application/json",
						"type": "text"
					}
				],
				"body": {
					"mode": "raw",
					"raw": "{\r\n  \"email\":\"mariam_test_111@gmail.com\",\r\n  \"password\": \"\"\r\n}\r\n\r\n"
				},
				"url": {
					"raw": "{{baseurl}}/users/login",
					"host": [
						"{{baseurl}}"
					],
					"path": [
						"users",
						"login"
					]
				}
			},
			"response": []
		},
		{
			"name": "Login with invalid email format",
			"event": [
				{
					"listen": "test",
					"script": {
						"exec": [
							"pm.test(\"Status code is one of expected (400,401,415)\", function () {\r",
							"  pm.expect([400,401,415]).to.include(pm.response.code);\r",
							" });\r",
							" \r",
							" // Ensure token is NOT returned\r",
							" let hasToken = false;\r",
							" try {\r",
							"  const jsonData = pm.response.json();\r",
							"  hasToken = !!jsonData.token;\r",
							" } catch (e) {\r",
							"  // non-JSON error responses are acceptable\r",
							" }\r",
							" \r",
							" pm.test(\"No token returned\", function () {\r",
							"  pm.expect(hasToken).to.be.false;\r",
							" });"
						],
						"type": "text/javascript",
						"packages": {},
						"requests": {}
					}
				}
			],
			"request": {
				"auth": {
					"type": "noauth"
				},
				"method": "POST",
				"header": [
					{
						"key": "Authorization",
						"value": "Bearer {{token}}",
						"type": "text"
					},
					{
						"key": "Content-Type",
						"value": "application/json",
						"type": "text"
					}
				],
				"body": {
					"mode": "raw",
					"raw": "{\r\n  \"email\":\"mariam_test_111@gmail.com@@\",\r\n  \"password\": \"12345678\"\r\n}\r\n\r\n"
				},
				"url": {
					"raw": "{{baseurl}}/users/login",
					"host": [
						"{{baseurl}}"
					],
					"path": [
						"users",
						"login"
					]
				}
			},
			"response": []
		},
		{
			"name": "Log in with email containing leading/trailing spaces",
			"event": [
				{
					"listen": "test",
					"script": {
						"exec": [
							"pm.test(\"Status code is one of expected (400,401,415)\", function () {\r",
							"  pm.expect([400,401,415]).to.include(pm.response.code);\r",
							" });\r",
							" \r",
							" // Ensure token is NOT returned\r",
							" let hasToken = false;\r",
							" try {\r",
							"  const jsonData = pm.response.json();\r",
							"  hasToken = !!jsonData.token;\r",
							" } catch (e) {\r",
							"  // non-JSON error responses are acceptable\r",
							" }\r",
							" \r",
							" pm.test(\"No token returned\", function () {\r",
							"  pm.expect(hasToken).to.be.false;\r",
							" });"
						],
						"type": "text/javascript",
						"packages": {},
						"requests": {}
					}
				}
			],
			"request": {
				"auth": {
					"type": "noauth"
				},
				"method": "POST",
				"header": [
					{
						"key": "Authorization",
						"value": "Bearer {{token}}",
						"type": "text"
					},
					{
						"key": "Content-Type",
						"value": "application/json",
						"type": "text"
					}
				],
				"body": {
					"mode": "raw",
					"raw": "{\r\n  \"email\":\"   mariam_test_111@gmail.com\",\r\n  \"password\": \"12345678\"\r\n}\r\n\r\n"
				},
				"url": {
					"raw": "{{baseurl}}/users/login",
					"host": [
						"{{baseurl}}"
					],
					"path": [
						"users",
						"login"
					]
				}
			},
			"response": []
		},
		{
			"name": "Log in with password containing trailing space",
			"event": [
				{
					"listen": "test",
					"script": {
						"exec": [
							"pm.test(\"Status code is one of expected (400,401,415)\", function () {\r",
							"  pm.expect([400,401,415]).to.include(pm.response.code);\r",
							" });\r",
							" \r",
							" // Ensure token is NOT returned\r",
							" let hasToken = false;\r",
							" try {\r",
							"  const jsonData = pm.response.json();\r",
							"  hasToken = !!jsonData.token;\r",
							" } catch (e) {\r",
							"  // non-JSON error responses are acceptable\r",
							" }\r",
							" \r",
							" pm.test(\"No token returned\", function () {\r",
							"  pm.expect(hasToken).to.be.false;\r",
							" });"
						],
						"type": "text/javascript",
						"packages": {},
						"requests": {}
					}
				}
			],
			"request": {
				"auth": {
					"type": "noauth"
				},
				"method": "POST",
				"header": [
					{
						"key": "Authorization",
						"value": "Bearer {{token}}",
						"type": "text"
					},
					{
						"key": "Content-Type",
						"value": "application/json",
						"type": "text"
					}
				],
				"body": {
					"mode": "raw",
					"raw": "{\r\n  \"email\":\"mariam_test_111@gmail.com\",\r\n  \"password\": \"   12345678\"\r\n}\r\n\r\n"
				},
				"url": {
					"raw": "{{baseurl}}/users/login",
					"host": [
						"{{baseurl}}"
					],
					"path": [
						"users",
						"login"
					]
				}
			},
			"response": []
		},
		{
			"name": "Log in using different letter case in email (case-sensitivity check)",
			"event": [
				{
					"listen": "test",
					"script": {
						"exec": [
							"pm.test(\"Status code is one of expected (400,401,415)\", function () {\r",
							"  pm.expect([400,401,415]).to.include(pm.response.code);\r",
							" });\r",
							" \r",
							" // Ensure token is NOT returned\r",
							" let hasToken = false;\r",
							" try {\r",
							"  const jsonData = pm.response.json();\r",
							"  hasToken = !!jsonData.token;\r",
							" } catch (e) {\r",
							"  // non-JSON error responses are acceptable\r",
							" }\r",
							" \r",
							" pm.test(\"No token returned\", function () {\r",
							"  pm.expect(hasToken).to.be.false;\r",
							" });"
						],
						"type": "text/javascript",
						"packages": {},
						"requests": {}
					}
				}
			],
			"request": {
				"auth": {
					"type": "noauth"
				},
				"method": "POST",
				"header": [
					{
						"key": "Authorization",
						"value": "Bearer {{token}}",
						"type": "text"
					},
					{
						"key": "Content-Type",
						"value": "application/json",
						"type": "text"
					}
				],
				"body": {
					"mode": "raw",
					"raw": "{\r\n  \"email\":\"Mariam_Test_111@gmail.com\",\r\n  \"password\": \"12345678\"\r\n}\r\n\r\n"
				},
				"url": {
					"raw": "{{baseurl}}/users/login",
					"host": [
						"{{baseurl}}"
					],
					"path": [
						"users",
						"login"
					]
				}
			},
			"response": []
		},
		{
			"name": "Log in with missing JSON body",
			"event": [
				{
					"listen": "test",
					"script": {
						"exec": [
							"pm.test(\"Status code is one of expected (400,401,415)\", function () {\r",
							"  pm.expect([400,401,415]).to.include(pm.response.code);\r",
							" });\r",
							" \r",
							" // Ensure token is NOT returned\r",
							" let hasToken = false;\r",
							" try {\r",
							"  const jsonData = pm.response.json();\r",
							"  hasToken = !!jsonData.token;\r",
							" } catch (e) {\r",
							"  // non-JSON error responses are acceptable\r",
							" }\r",
							" \r",
							" pm.test(\"No token returned\", function () {\r",
							"  pm.expect(hasToken).to.be.false;\r",
							" });"
						],
						"type": "text/javascript",
						"packages": {},
						"requests": {}
					}
				}
			],
			"request": {
				"auth": {
					"type": "noauth"
				},
				"method": "POST",
				"header": [
					{
						"key": "Authorization",
						"value": "Bearer {{token}}",
						"type": "text"
					},
					{
						"key": "Content-Type",
						"value": "application/json",
						"type": "text"
					}
				],
				"body": {
					"mode": "raw",
					"raw": "\r\n"
				},
				"url": {
					"raw": "{{baseurl}}/users/login",
					"host": [
						"{{baseurl}}"
					],
					"path": [
						"users",
						"login"
					]
				}
			},
			"response": []
		},
		{
			"name": "Log in with wrong Content-Type",
			"event": [
				{
					"listen": "test",
					"script": {
						"exec": [
							"pm.test(\"Status code is one of expected (400,401,415)\", function () {\r",
							"  pm.expect([400,401,415]).to.include(pm.response.code);\r",
							" });\r",
							" \r",
							" // Ensure token is NOT returned\r",
							" let hasToken = false;\r",
							" try {\r",
							"  const jsonData = pm.response.json();\r",
							"  hasToken = !!jsonData.token;\r",
							" } catch (e) {\r",
							"  // non-JSON error responses are acceptable\r",
							" }\r",
							" \r",
							" pm.test(\"No token returned\", function () {\r",
							"  pm.expect(hasToken).to.be.false;\r",
							" });"
						],
						"type": "text/javascript",
						"packages": {},
						"requests": {}
					}
				}
			],
			"request": {
				"auth": {
					"type": "noauth"
				},
				"method": "POST",
				"header": [
					{
						"key": "Authorization",
						"value": "Bearer {{token}}",
						"type": "text"
					},
					{
						"key": "Content-Type",
						"value": "text/plain",
						"type": "text"
					}
				],
				"body": {
					"mode": "raw",
					"raw": "{\r\n  \"email\":\"mariam_test_111@gmail.com\",\r\n  \"password\": \"12345678\"\r\n}"
				},
				"url": {
					"raw": "{{baseurl}}/users/login",
					"host": [
						"{{baseurl}}"
					],
					"path": [
						"users",
						"login"
					]
				}
			},
			"response": []
		}
	]
}