{
	"info": {
		"_postman_id": "22e01984-569f-4ef7-8e2c-04c1baa54477",
		"name": "Logout User",
		"schema": "https://schema.getpostman.com/json/collection/v2.1.0/collection.json",
		"_exporter_id": "51328167"
	},
	"item": [
		{
			"name": "Log out with valid token",
			"event": [
				{
					"listen": "test",
					"script": {
						"exec": [
							"pm.test(\"Status code is 200 OK\", function () {\r",
							"  pm.response.to.have.status(200);\r",
							" });\r",
							" \r",
							" // Optional: logout response should not include token/password\r",
							" pm.test(\"No sensitive data exposed\", function () {\r",
							"  const body = pm.response.text().toLowerCase();\r",
							"  pm.expect(body).to.not.include(\"token\");\r",
							"  pm.expect(body).to.not.include(\"password\");\r",
							" });\r",
							" \r",
							" // Clear token locally so next requests don't accidentally use it\r",
							"//  pm.environment.unset(\"tokenLogin\");"
						],
						"type": "text/javascript",
						"packages": {},
						"requests": {}
					}
				}
			],
			"request": {
				"method": "POST",
				"header": [
					{
						"key": "Authorization",
						"value": "Bearer {{tokenLogin}}",
						"type": "text"
					},
					{
						"key": "Content-Type",
						"value": "application/json",
						"type": "text"
					}
				],
				"body": {
					"mode": "raw",
					"raw": ""
				},
				"url": {
					"raw": "{{baseurl}}/users/logout",
					"host": [
						"{{baseurl}}"
					],
					"path": [
						"users",
						"logout"
					]
				}
			},
			"response": []
		},
		{
			"name": "Log out without token",
			"event": [
				{
					"listen": "test",
					"script": {
						"exec": [
							"pm.test(\"Status code is one of expected (400,401)\", function () {\r",
							"  pm.expect([400,401]).to.include(pm.response.code);\r",
							" });\r",
							" \r",
							" // Ensure token is NOT returned\r",
							" let hasToken = false;\r",
							" try {\r",
							"  const jsonData = pm.response.json();\r",
							"  hasToken = !!jsonData.token;\r",
							" } catch (e) {\r",
							"  // non-JSON error responses are acceptable\r",
							" }\r",
							" \r",
							" pm.test(\"No token returned\", function () {\r",
							"  pm.expect(hasToken).to.be.false;\r",
							" });"
						],
						"type": "text/javascript",
						"packages": {},
						"requests": {}
					}
				}
			],
			"request": {
				"method": "POST",
				"header": [
					{
						"key": "Content-Type",
						"value": "application/json",
						"type": "text"
					}
				],
				"body": {
					"mode": "raw",
					"raw": ""
				},
				"url": {
					"raw": "{{baseurl}}/users/logout",
					"host": [
						"{{baseurl}}"
					],
					"path": [
						"users",
						"logout"
					]
				}
			},
			"response": []
		},
		{
			"name": "Log out with invalid token",
			"event": [
				{
					"listen": "test",
					"script": {
						"exec": [
							"pm.test(\"Status code is one of expected (400,401)\", function () {\r",
							"  pm.expect([400,401]).to.include(pm.response.code);\r",
							" });\r",
							"\r",
							" let hasToken = false;\r",
							" try {\r",
							"  const jsonData = pm.response.json();\r",
							"  hasToken = !!jsonData.token;\r",
							" } catch (e) {\r",
							"  // non-JSON error responses are acceptable\r",
							" }\r",
							" \r",
							" pm.test(\"No token returned\", function () {\r",
							"  pm.expect(hasToken).to.be.false;\r",
							" });"
						],
						"type": "text/javascript",
						"packages": {},
						"requests": {}
					}
				}
			],
			"request": {
				"method": "POST",
				"header": [
					{
						"key": "Content-Type",
						"value": "application/json",
						"type": "text"
					},
					{
						"key": "Authorization",
						"value": "Bearer 1234",
						"type": "text"
					}
				],
				"url": {
					"raw": "{{baseurl}}/users/logout",
					"host": [
						"{{baseurl}}"
					],
					"path": [
						"users",
						"logout"
					]
				}
			},
			"response": []
		},
		{
			"name": "Verify token is invalid after logout",
			"event": [
				{
					"listen": "test",
					"script": {
						"exec": [
							"pm.test(\"Status code is 401 Unauthorized\", function () {\r",
							"  pm.response.to.have.status(401);\r",
							" });"
						],
						"type": "text/javascript",
						"packages": {},
						"requests": {}
					}
				}
			],
			"request": {
				"method": "POST",
				"header": [
					{
						"key": "Content-Type",
						"value": "application/json",
						"type": "text"
					},
					{
						"key": "Authorization",
						"value": "Bearer {{tokenLogin}}",
						"type": "text"
					}
				],
				"url": {
					"raw": "{{baseurl}}/users/logout",
					"host": [
						"{{baseurl}}"
					],
					"path": [
						"users",
						"logout"
					]
				}
			},
			"response": []
		},
		{
			"name": "Get profile after logout .",
			"event": [
				{
					"listen": "test",
					"script": {
						"exec": [
							"pm.test(\"Status code is 401 Unauthorized\", function () {\r",
							"    pm.response.to.have.status(401);\r",
							"});\r",
							"pm.test(\"The response body contains error message\",function(){\r",
							"    pm.expect(pm.response.json().error).to.exist;\r",
							"});\r",
							"pm.test(\"The error message is Please authenticate.\",function(){\r",
							"    pm.expect(pm.response.json().error).to.eql(\"Please authenticate.\")\r",
							"});"
						],
						"type": "text/javascript",
						"packages": {},
						"requests": {}
					}
				}
			],
			"protocolProfileBehavior": {
				"disableBodyPruning": true
			},
			"request": {
				"auth": {
					"type": "noauth"
				},
				"method": "GET",
				"header": [
					{
						"key": "Authorization",
						"value": "Bearer {{tokenLogin}}",
						"type": "text"
					}
				],
				"body": {
					"mode": "raw",
					"raw": ""
				},
				"url": {
					"raw": "{{baseurl}}/users/me",
					"host": [
						"{{baseurl}}"
					],
					"path": [
						"users",
						"me"
					]
				}
			},
			"response": []
		},
		{
			"name": "Log out twice using same token",
			"event": [
				{
					"listen": "test",
					"script": {
						"exec": [
							"pm.test(\"Status indicates token invalid OR already logged out (API-dependent)\", function () {\r",
							"  pm.expect([200, 401]).to.include(pm.response.code);\r",
							" });"
						],
						"type": "text/javascript",
						"packages": {},
						"requests": {}
					}
				}
			],
			"request": {
				"method": "POST",
				"header": [
					{
						"key": "Content-Type",
						"value": "application/json",
						"type": "text"
					},
					{
						"key": "Authorization",
						"value": "Bearer {{tokenLogin}}",
						"type": "text"
					}
				],
				"url": {
					"raw": "{{baseurl}}/users/logout",
					"host": [
						"{{baseurl}}"
					],
					"path": [
						"users",
						"logout"
					]
				}
			},
			"response": []
		},
		{
			"name": "Log out with malformed Authorization header",
			"event": [
				{
					"listen": "test",
					"script": {
						"exec": [
							"pm.test(\"Status code is one of expected (400,401)\", function () {\r",
							"  pm.expect([400,401]).to.include(pm.response.code);\r",
							" });\r",
							" \r",
							" // Ensure token is NOT returned\r",
							" let hasToken = false;\r",
							" try {\r",
							"  const jsonData = pm.response.json();\r",
							"  hasToken = !!jsonData.token;\r",
							" } catch (e) {\r",
							"  // non-JSON error responses are acceptable\r",
							" }\r",
							" \r",
							" pm.test(\"No token returned\", function () {\r",
							"  pm.expect(hasToken).to.be.false;\r",
							" });"
						],
						"type": "text/javascript",
						"packages": {},
						"requests": {}
					}
				}
			],
			"request": {
				"method": "POST",
				"header": [
					{
						"key": "Content-Type",
						"value": "application/json",
						"type": "text"
					},
					{
						"key": "Authorization",
						"value": "{{tokenLogin}}",
						"type": "text"
					}
				],
				"url": {
					"raw": "{{baseurl}}/users/logout",
					"host": [
						"{{baseurl}}"
					],
					"path": [
						"users",
						"logout"
					]
				}
			},
			"response": []
		},
		{
			"name": "Log out with Bearer keyword but empty token",
			"event": [
				{
					"listen": "test",
					"script": {
						"exec": [
							"pm.test(\"Status code is one of expected (400,401)\", function () {\r",
							"  pm.expect([400,401]).to.include(pm.response.code);\r",
							" });\r",
							" \r",
							" // Ensure token is NOT returned\r",
							" let hasToken = false;\r",
							" try {\r",
							"  const jsonData = pm.response.json();\r",
							"  hasToken = !!jsonData.token;\r",
							" } catch (e) {\r",
							"  // non-JSON error responses are acceptable\r",
							" }\r",
							" \r",
							" pm.test(\"No token returned\", function () {\r",
							"  pm.expect(hasToken).to.be.false;\r",
							" });"
						],
						"type": "text/javascript",
						"packages": {},
						"requests": {}
					}
				}
			],
			"request": {
				"method": "POST",
				"header": [
					{
						"key": "Content-Type",
						"value": "application/json",
						"type": "text"
					},
					{
						"key": "Authorization",
						"value": "Bearer",
						"type": "text"
					}
				],
				"url": {
					"raw": "{{baseurl}}/users/logout",
					"host": [
						"{{baseurl}}"
					],
					"path": [
						"users",
						"logout"
					]
				}
			},
			"response": []
		},
		{
			"name": "Log in after logout with same credentials",
			"event": [
				{
					"listen": "test",
					"script": {
						"exec": [
							"pm.test(\"Status code is 200 OK\", function () {\r",
							"  pm.response.to.have.status(200);\r",
							" });\r",
							" \r",
							" const jsonData = pm.response.json();\r",
							" \r",
							" pm.test(\"Token is returned\", function () {\r",
							"  pm.expect(jsonData).to.have.property(\"tokenLogin\");\r",
							"  pm.expect(jsonData.token).to.be.a(\"string\").and.not.be.empty;\r",
							" });\r",
							" \r",
							" // Save token for subsequent requests\r",
							" pm.environment.set(\"tokenLogin\", jsonData.token);\r",
							" \r",
							" // Optional: save user info if returned\r",
							" if (jsonData.user && jsonData.user._id) pm.environment.set(\"userId\", jsonData.user._id);\r",
							" if (jsonData.user && jsonData.user.email) pm.environment.set(\"userEmail\", jsonData.user.email);\r",
							" \r",
							" // Security check\r",
							" pm.test(\"Password is not returned\", function () {\r",
							"  pm.expect(pm.response.text().toLowerCase()).to.not.include(\"password\");\r",
							" });"
						],
						"type": "text/javascript",
						"packages": {},
						"requests": {}
					}
				}
			],
			"request": {
				"method": "POST",
				"header": [
					{
						"key": "Content-Type",
						"value": "application/json",
						"type": "text"
					},
					{
						"key": "Authorization",
						"value": "Bearer {{tokenLogin}}",
						"type": "text"
					}
				],
				"url": {
					"raw": "{{baseurl}}/users/logout",
					"host": [
						"{{baseurl}}"
					],
					"path": [
						"users",
						"logout"
					]
				}
			},
			"response": []
		},
		{
			"name": "Access protected endpoint with token before logout",
			"event": [
				{
					"listen": "test",
					"script": {
						"exec": [
							"pm.test(\"Status code is 200 OK\", function () {\r",
							"  pm.response.to.have.status(200);\r",
							" });\r",
							" \r",
							" pm.test(\"Response is JSON object\", function () {\r",
							"  const jsonData = pm.response.json();\r",
							"  pm.expect(jsonData).to.be.an(\"object\");\r",
							" });"
						],
						"type": "text/javascript",
						"packages": {},
						"requests": {}
					}
				}
			],
			"request": {
				"method": "GET",
				"header": [
					{
						"key": "Content-Type",
						"value": "application/json",
						"type": "text"
					},
					{
						"key": "Authorization",
						"value": "Bearer {{tokenLogin}}",
						"type": "text"
					}
				],
				"url": {
					"raw": "{{baseurl}}/users/me",
					"host": [
						"{{baseurl}}"
					],
					"path": [
						"users",
						"me"
					]
				}
			},
			"response": []
		},
		{
			"name": "Log out should not return sensitive data",
			"event": [
				{
					"listen": "test",
					"script": {
						"exec": [
							"pm.test(\"Status code is 200 OK\", function () {\r",
							"  pm.response.to.have.status(200);\r",
							" });\r",
							" \r",
							" pm.test(\"Logout response does not expose sensitive data\", function () {\r",
							"  const body = pm.response.text().toLowerCase();\r",
							"  pm.expect(body).to.not.include(\"password\");\r",
							"  pm.expect(body).to.not.include(\"token\");\r",
							" });"
						],
						"type": "text/javascript",
						"packages": {},
						"requests": {}
					}
				}
			],
			"request": {
				"auth": {
					"type": "noauth"
				},
				"method": "POST",
				"header": [
					{
						"key": "Authorization",
						"value": "Bearer {{tokenLogin}}",
						"type": "text"
					},
					{
						"key": "Content-Type",
						"value": "application/json",
						"type": "text"
					}
				],
				"body": {
					"mode": "raw",
					"raw": "{\r\n  \"email\":\"mariam_test_111@gmail.com\",\r\n  \"password\": \"12345678\"\r\n}\r\n"
				},
				"url": {
					"raw": "{{baseurl}}/users/logout",
					"host": [
						"{{baseurl}}"
					],
					"path": [
						"users",
						"logout"
					]
				}
			},
			"response": []
		}
	]
}