{
	"info": {
		"_postman_id": "fd14d5e7-d734-451d-a83c-e7eceb6df1cb",
		"name": "Update User",
		"schema": "https://schema.getpostman.com/json/collection/v2.1.0/collection.json",
		"_exporter_id": "51328167"
	},
	"item": [
		{
			"name": "Update only one field",
			"event": [
				{
					"listen": "test",
					"script": {
						"exec": [
							"pm.test(\"Status code is 200 OK\", () => {\r",
							"    pm.response.to.have.status(200);\r",
							"});\r",
							"\r",
							"pm.test(\"Only firstName is updated\", () => {\r",
							"    const res = pm.response.json();\r",
							"    pm.expect(res.firstName).to.eql(\"Mariam\");\r",
							"    pm.expect(res.lastName).to.exist;\r",
							"});"
						],
						"type": "text/javascript",
						"packages": {},
						"requests": {}
					}
				}
			],
			"request": {
				"auth": {
					"type": "noauth"
				},
				"method": "PATCH",
				"header": [
					{
						"key": "Authorization",
						"value": "Bearer {{token}}",
						"type": "text"
					},
					{
						"key": "Content-Type",
						"value": "application/json",
						"type": "text"
					}
				],
				"body": {
					"mode": "raw",
					"raw": "{\r\n    \"firstName\":\"Mariam\"\r\n}"
				},
				"url": {
					"raw": "{{baseurl}}/users/me",
					"host": [
						"{{baseurl}}"
					],
					"path": [
						"users",
						"me"
					]
				}
			},
			"response": []
		},
		{
			"name": "update with out/invalid token",
			"event": [
				{
					"listen": "test",
					"script": {
						"exec": [
							"pm.test(\"Unauthorized without token\", () => {\r",
							"    pm.response.to.have.status(401);\r",
							"});"
						],
						"type": "text/javascript",
						"packages": {},
						"requests": {}
					}
				}
			],
			"request": {
				"method": "PATCH",
				"header": [
					{
						"key": "Authorization",
						"value": "Bearer 12345",
						"type": "text"
					},
					{
						"key": "Content-Type",
						"value": "application/json",
						"type": "text"
					}
				],
				"body": {
					"mode": "raw",
					"raw": "{\r\n    \"firstName\": \"Maryan\"\r\n}",
					"options": {
						"raw": {
							"language": "json"
						}
					}
				},
				"url": {
					"raw": "{{baseurl}}/users/me",
					"host": [
						"{{baseurl}}"
					],
					"path": [
						"users",
						"me"
					]
				}
			},
			"response": []
		},
		{
			"name": "update withempty body",
			"event": [
				{
					"listen": "test",
					"script": {
						"exec": [
							"pm.test(\"Bad request for empty body\", () => {\r",
							"    pm.expect(pm.response.code).to.be.oneOf([400, 422]);\r",
							"});\r",
							""
						],
						"type": "text/javascript",
						"packages": {},
						"requests": {}
					}
				}
			],
			"request": {
				"method": "PATCH",
				"header": [
					{
						"key": "Authorization",
						"value": "Bearer {{token}}",
						"type": "text"
					},
					{
						"key": "Content-Type",
						"value": "application/json",
						"type": "text"
					}
				],
				"body": {
					"mode": "raw",
					"raw": ""
				},
				"url": {
					"raw": "{{baseurl}}/users/me",
					"host": [
						"{{baseurl}}"
					],
					"path": [
						"users",
						"me"
					]
				}
			},
			"response": []
		},
		{
			"name": "Update with invalid data type",
			"event": [
				{
					"listen": "test",
					"script": {
						"exec": [
							"pm.test(\"Invalid data type rejected\", () => {\r",
							"    pm.response.to.have.status(400);\r",
							"});\r",
							""
						],
						"type": "text/javascript",
						"packages": {},
						"requests": {}
					}
				}
			],
			"request": {
				"method": "PATCH",
				"header": [
					{
						"key": "Authorization",
						"value": "Bearer {{token}}",
						"type": "text"
					},
					{
						"key": "Content-Type",
						"value": "application/json",
						"type": "text"
					}
				],
				"body": {
					"mode": "raw",
					"raw": "{\r\n    \"firstName\": 1234\r\n}"
				},
				"url": {
					"raw": "{{baseurl}}/users/me",
					"host": [
						"{{baseurl}}"
					],
					"path": [
						"users",
						"me"
					]
				}
			},
			"response": []
		},
		{
			"name": "Update with unexpected field",
			"event": [
				{
					"listen": "test",
					"script": {
						"exec": [
							"pm.test(\"Unexpected field rejected\", () => {\r",
							"    pm.response.to.have.status(400);\r",
							"});"
						],
						"type": "text/javascript",
						"packages": {},
						"requests": {}
					}
				}
			],
			"request": {
				"method": "PATCH",
				"header": [
					{
						"key": "Authorization",
						"value": "Bearer {{token}}",
						"type": "text"
					},
					{
						"key": "Content-Type",
						"value": "application/json",
						"type": "text"
					}
				],
				"body": {
					"mode": "raw",
					"raw": "{\r\n    \"userName\":\"Dareen\"\r\n}"
				},
				"url": {
					"raw": "{{baseurl}}/users/me",
					"host": [
						"{{baseurl}}"
					],
					"path": [
						"users",
						"me"
					]
				}
			},
			"response": []
		},
		{
			"name": "Update user with valid tok",
			"event": [
				{
					"listen": "test",
					"script": {
						"exec": [
							"pm.test(\"Status code is 200 OK\", () => {\r",
							"    pm.response.to.have.status(200);\r",
							"});\r",
							"\r",
							"pm.test(\"User details updated successfully\", () => {\r",
							"    const res = pm.response.json();\r",
							"    pm.expect(res.firstName).to.eql(\"Maryan\");\r",
							"    pm.expect(res.lastName).to.eql(\"Kassis\");\r",
							"});\r",
							"\r",
							"pm.test(\"Update allowed with valid token\", () => {\r",
							"    pm.response.to.have.status(200);\r",
							"});\r",
							"\r",
							"pm.test(\"Response is JSON and contains fields\", () => {\r",
							"    const res = pm.response.json();\r",
							"    pm.expect(res).to.have.property(\"firstName\");\r",
							"    pm.expect(res).to.have.property(\"lastName\");\r",
							"});"
						],
						"type": "text/javascript",
						"packages": {},
						"requests": {}
					}
				}
			],
			"request": {
				"method": "PATCH",
				"header": [
					{
						"key": "Authorization",
						"value": "Bearer {{token}}",
						"type": "text"
					},
					{
						"key": "Content-Type",
						"value": "application/json",
						"type": "text"
					}
				],
				"body": {
					"mode": "raw",
					"raw": "{\r\n    \"firstName\":\"Maryan\",\r\n    \"lastName\":\"Kassis\"\r\n}"
				},
				"url": {
					"raw": "{{baseurl}}/users/me",
					"host": [
						"{{baseurl}}"
					],
					"path": [
						"users",
						"me"
					]
				}
			},
			"response": []
		}
	]
}